{
    "camera": {
        "eye": [0,0,0],
        "target": [1,0,0],
        "up": [0,1,0],
        "sensorDistance": 0.25
    },
    "surfaces": [
        {
            "frame": { "o": [5005,0,0] },
            "size": 5000,
            "material": { "kd": [1.0,0,0] }
        },
        {
            "frame": { "o": [-5005,0,0] },
            "size": 5000,
            "material": { "kd": [0.25,0,0] }
        },
        {
            "frame": { "o": [0,5005,0] },
            "size": 5000,
            "material": { "kd": [0,1.0,0] }
        },
        {
            "frame": { "o": [0,-5005,0] },
            "size": 5000,
            "material": { "kd": [0,0.25,0] }
        },
        {
            "frame": { "o": [0,0,5005] },
            "size": 5000,
            "material": { "kd": [0,0,1.0] }
        },
        {
            "frame": { "o": [0,0,-5005] },
            "size": 5000,
            "material": { "kd": [0,0,0.25] }
        }
    ],
    "lights": [
        { "frame": { "o": [0,0,0] }, "intensity": [20,20,20] }
    ]
}
