{
    "camera": {
        "target": [1,0,0],
        "eye": [0,0,0],
        "up": [0,1,0],
        "sensorDistance": 0.25
    },
    "surfaces": [
        {
            "frame": { "o": [5.0,0,0], "z": [-1,0,0], "x": [0,0,1], "y": [0,1,0] },
            "type": "quad",
            "size": 5.1,
            "material": { "kd": [1.0,0,0], "ks": [0,0,0], "n": 100 }
        },
        {
            "frame": { "o": [-5.0,0,0], "z": [1,0,0], "x": [0,0,-1], "y": [0,1,0] },
            "type": "quad",
            "size": 5.1,
            "material": { "kd": [0.25,0,0], "ks": [0,0,0], "n": 100 }
        },
        {
            "frame": { "o": [0,5.0,0], "z": [0,-1,0], "x": [0,0,1], "y": [-1,0,0] },
            "type": "quad",
            "size": 5.1,
            "material": { "kd": [0,1.0,0], "ks": [0,0,0], "n": 100 }
        },
        {
            "frame": { "o": [0,-5.0,0], "z": [0,1,0], "x": [0,0,1], "y": [1,0,0] },
            "type": "quad",
            "size": 5.1,
            "material": { "kd": [0,0.25,0], "ks": [0,0,0], "n": 100 }
        },
        {
            "frame": { "o": [0,0,5.0], "z": [0,0,-1], "x": [-1,0,0], "y": [0,1,0] },
            "type": "quad",
            "size": 5.1,
            "material": { "kd": [0,0,1.0], "ks": [0,0,0], "n": 100 }
        },
        {
            "frame": { "o": [0,0,-5.0], "z": [0,0,1], "x": [1,0,0], "y": [0,1,0] },
            "type": "quad",
            "size": 5.1,
            "material": { "kd": [0,0,0.25], "ks": [0,0,0], "n": 100 }
        }
    ],
    "lights": [
        { "frame": { "o": [0,0,0] }, "intensity": [20,20,20] }
    ]
}
