{
    "camera": { "eye": [0,0.5,4] },
    "surfaces": [
        {
            "type": "quad",
            "size": 100,
            "frame": { "o": [0,-1,0], "x": [1,0,0], "y": [0,0,-1], "z": [0,1,0] },
            "material": { "kd": [1,1,1], "ks": [0,0,0], "n": 100, "kr": [0.5,0.5,0.5] }
        },
        {
            "frame": { "o": [0.5,0,0] },
            "material": { "kd": [1,0.7,0.7], "ks": [0.7,0.7,0.7], "n": 20 }
        },
        {
            "size": 0.75,
            "frame": { "o": [-1.5,-0.25,-1] },
            "material": { "kd": [0.7,1,0.7], "ks": [0.7,0.7,0.7], "n": 100 }
        }
    ],
    "lights": [
        { "frame": { "o": [2,12,2] }, "intensity": [50,50,50] },
        { "frame": { "o": [-4,10,5] }, "intensity": [30,30,30] }
    ],
    "pixelSamples": 9
}
